{
    "interactionModel": {
        "languageModel": {
            "invocationName": "google music",
            "intents": [
                {
                    "name": "AMAZON.FallbackIntent",
                    "samples": []
                },
                {
                    "name": "AMAZON.CancelIntent",
                    "samples": []
                },
                {
                    "name": "AMAZON.HelpIntent",
                    "samples": []
                },
                {
                    "name": "AMAZON.StopIntent",
                    "samples": []
                },
                {
                    "name": "AMAZON.NavigateHomeIntent",
                    "samples": []
                },
                {
                    "name": "PlayPlaylistIntent",
                    "slots": [
                        {
                            "name": "playlist_name",
                            "type": "AMAZON.SearchQuery"
                        }
                    ],
                    "samples": [
                        "Play playlist {playlist_name}",
                        "Play {playlist_name}"
                    ]
                },
                {
                    "name": "AMAZON.PauseIntent",
                    "samples": []
                },
                {
                    "name": "AMAZON.ResumeIntent",
                    "samples": []
                },
                {
                    "name": "AMAZON.NextIntent",
                    "samples": []
                },
                {
                    "name": "AMAZON.PreviousIntent",
                    "samples": []
                },
                {
                    "name": "AMAZON.RepeatIntent",
                    "samples": []
                },
                {
                    "name": "AMAZON.ShuffleOffIntent",
                    "samples": []
                },
                {
                    "name": "AMAZON.ShuffleOnIntent",
                    "samples": []
                },
                {
                    "name": "AMAZON.StartOverIntent",
                    "samples": []
                },
                {
                    "name": "AMAZON.LoopOffIntent",
                    "samples": []
                },
                {
                    "name": "AMAZON.LoopOnIntent",
                    "samples": []
                },
                {
                    "name": "ShufflePlaylistIntent",
                    "slots": [
                        {
                            "name": "playlist_name",
                            "type": "AMAZON.SearchQuery"
                        }
                    ],
                    "samples": [
                        "Shuffle playlist {playlist_name}",
                        "Shuffle {playlist_name}"
                    ]
                },
                {
                    "name": "NowPlayingIntent",
                    "slots": [],
                    "samples": [
                        "who is playing",
                        "What is the name of this song",
                        "who is this",
                        "what is this",
                        "What song is this",
                        "What song is playing"
                    ]
                }
            ],
            "types": []
        }
    }
}
